CODEVALUE,ID,STATUS,HIERARCHYLEVEL,PREFLABEL_FI,PREFLABEL_SV,PREFLABEL_EN,DEFINITION_FI,DEFINITION_SV,DEFINITION_EN,DESCRIPTION_FI,DESCRIPTION_SV,DESCRIPTION_EN,SHORTNAME,STARTDATE,ENDDATE
und,,VALID,,,,,,,,,,,,,
nn,,VALID,,norjan nynorsk,nynorska,Norwegian Nynorsk,,,,,,,,,
ar-JO,,VALID,,arabia (Jordania),arabiska (Jordanien),Arabic (Jordan),,,,,,,,,
bg,,VALID,,bulgaria,bulgariska,Bulgarian,,,,,,,,,
kea,,VALID,,kapverdenkreoli,kapverdiska,Kabuverdianu,,,,,,,,,
nds,,VALID,,alasaksa,lågtyska,Low German,,,,,,,,,
zu,,VALID,,zulu,zulu,Zulu,,,,,,,,,
am-ET,,VALID,,amhara (Etiopia),amhariska (Etiopien),Amharic (Ethiopia),,,,,,,,,
fr-DZ,,VALID,,ranska (Algeria),franska (Algeriet),French (Algeria),,,,,,,,,
ti-ET,,VALID,,tigrinja (Etiopia),tigrinja (Etiopien),Tigrinya (Ethiopia),,,,,,,,,
bo-CN,,VALID,,tiibet (Kiina),tibetanska (Kina),Tibetan (China),,,,,,,,,
hsb,,VALID,,yläsorbi,högsorbiska,Upper Sorbian,,,,,,,,,
qu-EC,,VALID,,ketšua (Ecuador),quechua (Ecuador),Quechua (Ecuador),,,,,,,,,
ta-SG,,VALID,,tamili (Singapore),tamil (Singapore),Tamil (Singapore),,,,,,,,,
lv,,VALID,,latvia,lettiska,Latvian,,,,,,,,,
en-NU,,VALID,,englanti (Niue),engelska (Niue),English (Niue),,,,,,,,,
zh-Hans-SG,,VALID,,"kiina (yksinkertaistettu, Singapore)","kinesiska (förenklade, Singapore)","Chinese (Simplified, Singapore)",,,,,,,,,
en-MS,,VALID,,englanti (Montserrat),engelska (Montserrat),English (Montserrat),,,,,,,,,
en-GG,,VALID,,englanti (Guernsey),engelska (Guernsey),English (Guernsey),,,,,,,,,
en-JM,,VALID,,englanti (Jamaika),engelska (Jamaica),English (Jamaica),,,,,,,,,
vo,,VALID,,volapük,volapük,Volapük,,,,,,,,,
kkj,,VALID,,kako,mkako,Kako,,,,,,,,,
sr-ME,,VALID,,serbia (Montenegro),serbiska (Montenegro),Serbian (Montenegro),,,,,,,,,
sv-SE,,VALID,,ruotsi (Ruotsi),svenska (Sverige),Swedish (Sweden),,,,,,,,,
es-BO,,VALID,,espanja (Bolivia),spanska (Bolivia),Spanish (Bolivia),,,,,,,,,
dz-BT,,VALID,,dzongkha (Bhutan),dzongkha (Bhutan),Dzongkha (Bhutan),,,,,,,,,
mer,,VALID,,meru,meru,Meru,,,,,,,,,
sah,,VALID,,jakuutti,jakutiska,Sakha,,,,,,,,,
en-ZM,,VALID,,englanti (Sambia),engelska (Zambia),English (Zambia),,,,,,,,,
fr-ML,,VALID,,ranska (Mali),franska (Mali),French (Mali),,,,,,,,,
br,,VALID,,bretoni,bretonska,Breton,,,,,,,,,
ha-NG,,VALID,,hausa (Nigeria),hausa (Nigeria),Hausa (Nigeria),,,,,,,,,
ar-SA,,VALID,,arabia (Saudi-Arabia),arabiska (Saudiarabien),Arabic (Saudi Arabia),,,,,,,,,
fa-AF,,VALID,,persia (Afganistan),persiska (Afghanistan),Persian (Afghanistan),,,,,,,,,
dsb-DE,,VALID,,alasorbi (Saksa),lågsorbiska (Tyskland),Lower Sorbian (Germany),,,,,,,,,
sk,,VALID,,slovakki,slovakiska,Slovak,,,,,,,,,
os-GE,,VALID,,osseetti (Georgia),ossetiska (Georgien),Ossetic (Georgia),,,,,,,,,
ml,,VALID,,malajalam,malayalam,Malayalam,,,,,,,,,
en-MT,,VALID,,englanti (Malta),engelska (Malta),English (Malta),,,,,,,,,
en-LR,,VALID,,englanti (Liberia),engelska (Liberia),English (Liberia),,,,,,,,,
ar-TD,,VALID,,arabia (Tšad),arabiska (Tchad),Arabic (Chad),,,,,,,,,
en-GH,,VALID,,englanti (Ghana),engelska (Ghana),English (Ghana),,,,,,,,,
en-IL,,VALID,,englanti (Israel),engelska (Israel),English (Israel),,,,,,,,,
sv,,VALID,,ruotsi,svenska,Swedish,,,,,,,,,
cs,,VALID,,tšekki,tjeckiska,Czech,,,,,,,,,
el,,VALID,,kreikka,grekiska,Greek,,,,,,,,,
tzm-MA,,VALID,,keskiatlaksentamazight (Marokko),centralmarockansk tamazight (Marocko),Central Atlas Tamazight (Morocco),,,,,,,,,
af,,VALID,,afrikaans,afrikaans,Afrikaans,,,,,,,,,
sw-UG,,VALID,,swahili (Uganda),swahili (Uganda),Swahili (Uganda),,,,,,,,,
ses-ML,,VALID,,koyraboro senni (Mali),Gao-songhay (Mali),Koyraboro Senni (Mali),,,,,,,,,
smn,,VALID,,inarinsaame,enaresamiska,Inari Sami,,,,,,,,,
tk-TM,,VALID,,turkmeeni (Turkmenistan),turkmeniska (Turkmenistan),Turkmen (Turkmenistan),,,,,,,,,
sr-Cyrl-ME,,VALID,,"serbia (kyrillinen, Montenegro)","serbiska (kyrilliska, Montenegro)","Serbian (Cyrillic, Montenegro)",,,,,,,,,
ar-EG,,VALID,,arabia (Egypti),arabiska (Egypten),Arabic (Egypt),,,,,,,,,
dsb,,VALID,,alasorbi,lågsorbiska,Lower Sorbian,,,,,,,,,
lkt-US,,VALID,,lakota (Yhdysvallat),lakota (USA),Lakota (United States),,,,,,,,,
vai-Latn-LR,,VALID,,"vai (latinalainen, Liberia)","vaj (latinska, Liberia)","Vai (Latin, Liberia)",,,,,,,,,
yi-001,,VALID,,Yiddish (maailma),jiddish (världen),Yiddish (World),,,,,,,,,
yo-NG,,VALID,,joruba (Nigeria),yoruba (Nigeria),Yoruba (Nigeria),,,,,,,,,
se-NO,,VALID,,pohjoissaame (Norja),nordsamiska (Norge),Northern Sami (Norway),,,,,,,,,
khq,,VALID,,koyra chiini,Timbuktu-songhoy,Koyra Chiini,,,,,,,,,
sw-CD,,VALID,,swahili (Kongon demokraattinen tasavalta),swahili (Kongo-Kinshasa),Swahili (Congo - Kinshasa),,,,,,,,,
vo-001,,VALID,,volapük (maailma),volapük (världen),Volapük (World),,,,,,,,,
en-PW,,VALID,,englanti (Palau),engelska (Palau),English (Palau),,,,,,,,,
pl-PL,,VALID,,puola (Puola),polska (Polen),Polish (Poland),,,,,,,,,
fil-PH,,VALID,,filipino (Filippiinit),filippinska (Filippinerna),Filipino (Philippines),,,,,,,,,
it-VA,,VALID,,italia (Vatikaani),italienska (Vatikanstaten),Italian (Vatican City),,,,,,,,,
sr-CS,,VALID,,serbia (Serbia and Montenegro),serbiska (Serbien och Montenegro),Serbian (Serbia and Montenegro),,,,,,,,,
ne-IN,,VALID,,nepali (Intia),nepalesiska (Indien),Nepali (India),,,,,,,,,
es-PH,,VALID,,espanja (Filippiinit),spanska (Filippinerna),Spanish (Philippines),,,,,,,,,
es-ES,,VALID,,espanja (Espanja),spanska (Spanien),Spanish (Spain),,,,,,,,,
es-CO,,VALID,,espanja (Kolumbia),spanska (Colombia),Spanish (Colombia),,,,,,,,,
bg-BG,,VALID,,bulgaria (Bulgaria),bulgariska (Bulgarien),Bulgarian (Bulgaria),,,,,,,,,
yi,,VALID,,Yiddish,jiddish,Yiddish,,,,,,,,,
ar-EH,,VALID,,arabia (Länsi-Sahara),arabiska (Västsahara),Arabic (Western Sahara),,,,,,,,,
bs-Latn-BA,,VALID,,"bosnia (latinalainen, Bosnia ja Hertsegovina)","bosniska (latinska, Bosnien och Hercegovina)","Bosnian (Latin, Bosnia & Herzegovina)",,,,,,,,,
en-VC,,VALID,,englanti (Saint Vincent ja Grenadiinit),engelska (S:t Vincent och Grenadinerna),English (St. Vincent & Grenadines),,,,,,,,,
nds-DE,,VALID,,alasaksa (Saksa),lågtyska (Tyskland),Low German (Germany),,,,,,,,,
nb-SJ,,VALID,,norjan bokmål (Huippuvuoret ja Jan Mayen),norskt bokmål (Svalbard och Jan Mayen),Norwegian Bokmål (Svalbard & Jan Mayen),,,,,,,,,
es-US,,VALID,,espanja (Yhdysvallat),spanska (USA),Spanish (United States),,,,,,,,,
agq,,VALID,,aghem,aghem,Aghem,,,,,,,,,
hsb-DE,,VALID,,yläsorbi (Saksa),högsorbiska (Tyskland),Upper Sorbian (Germany),,,,,,,,,
en-US-POSIX,,VALID,,"englanti (Yhdysvallat, tietokonemäärittely POSIX)","engelska (USA, Posix)","English (United States, Computer)",,,,,,,,,
en-150,,VALID,,englanti (Eurooppa),engelska (Europa),English (Europe),,,,,,,,,
ar-SD,,VALID,,arabia (Sudan),arabiska (Sudan),Arabic (Sudan),,,,,,,,,
en-KN,,VALID,,englanti (Saint Kitts ja Nevis),engelska (S:t Kitts och Nevis),English (St. Kitts & Nevis),,,,,,,,,
ha-NE,,VALID,,hausa (Niger),hausa (Niger),Hausa (Niger),,,,,,,,,
pt-MO,,VALID,,portugali (Macao – Kiinan e.h.a.),portugisiska (Macao),Portuguese (Macau SAR China),,,,,,,,,
ebu,,VALID,,embu,embu,Embu,,,,,,,,,
ro-RO,,VALID,,romania (Romania),rumänska (Rumänien),Romanian (Romania),,,,,,,,,
zh-Hans,,VALID,,kiina (yksinkertaistettu),kinesiska (förenklade),Chinese (Simplified),,,,,,,,,
lb-LU,,VALID,,luxemburg (Luxemburg),luxemburgiska (Luxemburg),Luxembourgish (Luxembourg),,,,,,,,,
sr-Latn-ME,,VALID,,"serbia (latinalainen, Montenegro)","serbiska (latinska, Montenegro)","Serbian (Latin, Montenegro)",,,,,,,,,
es-GT,,VALID,,espanja (Guatemala),spanska (Guatemala),Spanish (Guatemala),,,,,,,,,
so-KE,,VALID,,somali (Kenia),somaliska (Kenya),Somali (Kenya),,,,,,,,,
dje-NE,,VALID,,djerma (Niger),zarma (Niger),Zarma (Niger),,,,,,,,,
bas-CM,,VALID,,basaa (Kamerun),basa (Kamerun),Basaa (Cameroon),,,,,,,,,
fr-PM,,VALID,,ranska (Saint-Pierre ja Miquelon),franska (S:t Pierre och Miquelon),French (St. Pierre & Miquelon),,,,,,,,,
ar-KM,,VALID,,arabia (Komorit),arabiska (Komorerna),Arabic (Comoros),,,,,,,,,
fr-MG,,VALID,,ranska (Madagaskar),franska (Madagaskar),French (Madagascar),,,,,,,,,
nn-NO,,VALID,,"norja (Norja, Nynorsk)","norska (Norge, Nynorsk)","Norwegian (Norway, Nynorsk)",,,,,,,,,
es-CL,,VALID,,espanja (Chile),spanska (Chile),Spanish (Chile),,,,,,,,,
mn,,VALID,,mongoli,mongoliska,Mongolian,,,,,,,,,
agq-CM,,VALID,,aghem (Kamerun),aghem (Kamerun),Aghem (Cameroon),,,,,,,,,
kam-KE,,VALID,,kamba (Kenia),kamba (Kenya),Kamba (Kenya),,,,,,,,,
teo,,VALID,,teso,teso,Teso,,,,,,,,,
tr-TR,,VALID,,turkki (Turkki),turkiska (Turkiet),Turkish (Turkey),,,,,,,,,
eu,,VALID,,baski,baskiska,Basque,,,,,,,,,
fa-IR,,VALID,,persia (Iran),persiska (Iran),Persian (Iran),,,,,,,,,
en-MO,,VALID,,englanti (Macao – Kiinan e.h.a.),engelska (Macao),English (Macau SAR China),,,,,,,,,
wo,,VALID,,wolof,wolof,Wolof,,,,,,,,,
shi-Tfng,,VALID,,tašelhit (tifinagh),tachelhit (tifinaghiska),Tachelhit (Tifinagh),,,,,,,,,
en-BZ,,VALID,,englanti (Belize),engelska (Belize),English (Belize),,,,,,,,,
sq-AL,,VALID,,albania (Albania),albanska (Albanien),Albanian (Albania),,,,,,,,,
ar-MR,,VALID,,arabia (Mauritania),arabiska (Mauretanien),Arabic (Mauritania),,,,,,,,,
es-DO,,VALID,,espanja (Dominikaaninen tasavalta),spanska (Dominikanska republiken),Spanish (Dominican Republic),,,,,,,,,
ru,,VALID,,venäjä,ryska,Russian,,,,,,,,,
twq-NE,,VALID,,tasawaq (Niger),tasawaq (Niger),Tasawaq (Niger),,,,,,,,,
az,,VALID,,azeri,azerbajdzjanska,Azerbaijani,,,,,,,,,
nmg-CM,,VALID,,kwasio (Kamerun),kwasio (Kamerun),Kwasio (Cameroon),,,,,,,,,
fa,,VALID,,persia,persiska,Persian,,,,,,,,,
kl-GL,,VALID,,kalaallisut (Grönlanti),grönländska (Grönland),Kalaallisut (Greenland),,,,,,,,,
en-NR,,VALID,,englanti (Nauru),engelska (Nauru),English (Nauru),,,,,,,,,
nd,,VALID,,pohjois-ndebele,nordndebele,North Ndebele,,,,,,,,,
kk,,VALID,,kazakki,kazakiska,Kazakh,,,,,,,,,
az-Cyrl,,VALID,,azeri (kyrillinen),azerbajdzjanska (kyrilliska),Azerbaijani (Cyrillic),,,,,,,,,
en-MP,,VALID,,englanti (Pohjois-Mariaanit),engelska (Nordmarianerna),English (Northern Mariana Islands),,,,,,,,,
en-GD,,VALID,,englanti (Grenada),engelska (Grenada),English (Grenada),,,,,,,,,
tk,,VALID,,turkmeeni,turkmeniska,Turkmen,,,,,,,,,
hy,,VALID,,armenia,armeniska,Armenian,,,,,,,,,
shi-Latn,,VALID,,tašelhit (latinalainen),tachelhit (latinska),Tachelhit (Latin),,,,,,,,,
en-BW,,VALID,,englanti (Botswana),engelska (Botswana),English (Botswana),,,,,,,,,
en-AU,,VALID,,englanti (Australia),engelska (Australien),English (Australia),,,,,,,,,
en-CY,,VALID,,englanti (Kypros),engelska (Cypern),English (Cyprus),,,,,,,,,
kab-DZ,,VALID,,kabyyli (Algeria),kabyliska (Algeriet),Kabyle (Algeria),,,,,,,,,
kde-TZ,,VALID,,makonde (Tansania),makonde (Tanzania),Makonde (Tanzania),,,,,,,,,
ta-MY,,VALID,,tamili (Malesia),tamil (Malaysia),Tamil (Malaysia),,,,,,,,,
ti-ER,,VALID,,tigrinja (Eritrea),tigrinja (Eritrea),Tigrinya (Eritrea),,,,,,,,,
nus-SS,,VALID,,nuer (Etelä-Sudan),nuer (Sydsudan),Nuer (South Sudan),,,,,,,,,
en-RW,,VALID,,englanti (Ruanda),engelska (Rwanda),English (Rwanda),,,,,,,,,
nd-ZW,,VALID,,pohjois-ndebele (Zimbabwe),nordndebele (Zimbabwe),North Ndebele (Zimbabwe),,,,,,,,,
sv-FI,,VALID,,ruotsi (Suomi),svenska (Finland),Swedish (Finland),,,,,,,,,
ksb,,VALID,,shambala,kisambaa,Shambala,,,,,,,,,
luo,,VALID,,luo,luo,Luo,,,,,,,,,
lb,,VALID,,luxemburg,luxemburgiska,Luxembourgish,,,,,,,,,
ne,,VALID,,nepali,nepalesiska,Nepali,,,,,,,,,
en-IE,,VALID,,englanti (Irlanti),engelska (Irland),English (Ireland),,,,,,,,,
zh-SG,,VALID,,kiina (Singapore),kinesiska (Singapore),Chinese (Singapore),,,,,,,,,
ln-CD,,VALID,,lingala (Kongon demokraattinen tasavalta),lingala (Kongo-Kinshasa),Lingala (Congo - Kinshasa),,,,,,,,,
en-KI,,VALID,,englanti (Kiribati),engelska (Kiribati),English (Kiribati),,,,,,,,,
nnh-CM,,VALID,,ngiemboon (Kamerun),bamileké-ngiemboon (Kamerun),Ngiemboon (Cameroon),,,,,,,,,
om-ET,,VALID,,oromo (Etiopia),oromo (Etiopien),Oromo (Ethiopia),,,,,,,,,
no,,VALID,,norja,norska,Norwegian,,,,,,,,,
ja-JP,,VALID,,japani (Japani),japanska (Japan),Japanese (Japan),,,,,,,,,
my,,VALID,,burma,burmesiska,Burmese,,,,,,,,,
ka,,VALID,,georgia,georgiska,Georgian,,,,,,,,,
ar-IL,,VALID,,arabia (Israel),arabiska (Israel),Arabic (Israel),,,,,,,,,
mgh,,VALID,,makua-meetto,makhuwa-meetto,Makhuwa-Meetto,,,,,,,,,
or-IN,,VALID,,orija (Intia),oriya (Indien),Odia (India),,,,,,,,,
fr-MF,,VALID,,ranska (Saint-Martin),franska (Saint-Martin),French (St. Martin),,,,,,,,,
shi,,VALID,,tašelhit,tachelhit,Tachelhit,,,,,,,,,
kl,,VALID,,kalaallisut,grönländska,Kalaallisut,,,,,,,,,
en-SZ,,VALID,,englanti (Swazimaa),engelska (Swaziland),English (Swaziland),,,,,,,,,
rwk-TZ,,VALID,,rwa (Tansania),rwa (Tanzania),Rwa (Tanzania),,,,,,,,,
zh,,VALID,,kiina,kinesiska,Chinese,,,,,,,,,
es-PE,,VALID,,espanja (Peru),spanska (Peru),Spanish (Peru),,,,,,,,,
mgh-MZ,,VALID,,makua-meetto (Mosambik),makhuwa-meetto (Moçambique),Makhuwa-Meetto (Mozambique),,,,,,,,,
saq,,VALID,,samburu,samburu,Samburu,,,,,,,,,
az-Latn,,VALID,,azeri (latinalainen),azerbajdzjanska (latinska),Azerbaijani (Latin),,,,,,,,,
ta,,VALID,,tamili,tamil,Tamil,,,,,,,,,
en-GB,,VALID,,englanti (Iso-Britannia),engelska (Storbritannien),English (United Kingdom),,,,,,,,,
lag,,VALID,,lango,langi,Langi,,,,,,,,,
zh-Hant-HK,,VALID,,"kiina (perinteinen, Hongkong – Kiinan e.h.a.)","kinesiska (traditionella, Hongkong)","Chinese (Traditional, Hong Kong SAR China)",,,,,,,,,
ar-SY,,VALID,,arabia (Syyria),arabiska (Syrien),Arabic (Syria),,,,,,,,,
ksf-CM,,VALID,,bafia (Kamerun),bafia (Kamerun),Bafia (Cameroon),,,,,,,,,
bo,,VALID,,tiibet,tibetanska,Tibetan,,,,,,,,,
kk-KZ,,VALID,,kazakki (Kazakstan),kazakiska (Kazakstan),Kazakh (Kazakhstan),,,,,,,,,
es-PA,,VALID,,espanja (Panama),spanska (Panama),Spanish (Panama),,,,,,,,,
tt-RU,,VALID,,tataari (Venäjä),tatariska (Ryssland),Tatar (Russia),,,,,,,,,
om-KE,,VALID,,oromo (Kenia),oromo (Kenya),Oromo (Kenya),,,,,,,,,
ar-PS,,VALID,,arabia (Palestiinalaisalueet),arabiska (Palestinska territorierna),Arabic (Palestinian Territories),,,,,,,,,
en-AS,,VALID,,englanti (Amerikan Samoa),engelska (Amerikanska Samoa),English (American Samoa),,,,,,,,,
fr-VU,,VALID,,ranska (Vanuatu),franska (Vanuatu),French (Vanuatu),,,,,,,,,
zh-TW,,VALID,,kiina (Taiwan),kinesiska (Taiwan),Chinese (Taiwan),,,,,,,,,
bez,,VALID,,bena,bena,Bena,,,,,,,,,
kln,,VALID,,kalenjin,kalenjin,Kalenjin,,,,,,,,,
fr-MC,,VALID,,ranska (Monaco),franska (Monaco),French (Monaco),,,,,,,,,
kw,,VALID,,korni,korniska,Cornish,,,,,,,,,
pt-MZ,,VALID,,portugali (Mosambik),portugisiska (Moçambique),Portuguese (Mozambique),,,,,,,,,
fr-NE,,VALID,,ranska (Niger),franska (Niger),French (Niger),,,,,,,,,
vai-Latn,,VALID,,vai (latinalainen),vaj (latinska),Vai (Latin),,,,,,,,,
ksb-TZ,,VALID,,shambala (Tansania),kisambaa (Tanzania),Shambala (Tanzania),,,,,,,,,
ksh,,VALID,,kölsch,kölniska,Colognian,,,,,,,,,
ur-IN,,VALID,,urdu (Intia),urdu (Indien),Urdu (India),,,,,,,,,
ln,,VALID,,lingala,lingala,Lingala,,,,,,,,,
en-JE,,VALID,,englanti (Jersey),engelska (Jersey),English (Jersey),,,,,,,,,
gsw-CH,,VALID,,sveitsinsaksa (Sveitsi),schweizertyska (Schweiz),Swiss German (Switzerland),,,,,,,,,
ln-CF,,VALID,,lingala (Keski-Afrikan tasavalta),lingala (Centralafrikanska republiken),Lingala (Central African Republic),,,,,,,,,
en-CX,,VALID,,englanti (Joulusaari),engelska (Julön),English (Christmas Island),,,,,,,,,
luy-KE,,VALID,,luhya (Kenia),luhya (Kenya),Luyia (Kenya),,,,,,,,,
pt,,VALID,,portugali,portugisiska,Portuguese,,,,,,,,,
en-AT,,VALID,,englanti (Itävalta),engelska (Österrike),English (Austria),,,,,,,,,
gl,,VALID,,galicia,galiciska,Galician,,,,,,,,,
kkj-CM,,VALID,,kako (Kamerun),mkako (Kamerun),Kako (Cameroon),,,,,,,,,
sr-Cyrl,,VALID,,serbia (kyrillinen),serbiska (kyrilliska),Serbian (Cyrillic),,,,,,,,,
yue-Hans-CN,,VALID,,"kantoninkiina (yksinkertaistettu, Kiina)","kantonesiska (förenklade, Kina)","Cantonese (Simplified, China)",,,,,,,,,
es-GQ,,VALID,,espanja (Päiväntasaajan Guinea),spanska (Ekvatorialguinea),Spanish (Equatorial Guinea),,,,,,,,,
kn-IN,,VALID,,kannada (Intia),kannada (Indien),Kannada (India),,,,,,,,,
ar-YE,,VALID,,arabia (Jemen),arabiska (Jemen),Arabic (Yemen),,,,,,,,,
to,,VALID,,tonga,tonganska,Tongan,,,,,,,,,
en-SX,,VALID,,englanti (Sint Maarten),engelska (Sint Maarten),English (Sint Maarten),,,,,,,,,
ga,,VALID,,iiri,iriska,Irish,,,,,,,,,
qu,,VALID,,ketšua,quechua,Quechua,,,,,,,,,
ru-KZ,,VALID,,venäjä (Kazakstan),ryska (Kazakstan),Russian (Kazakhstan),,,,,,,,,
en-TZ,,VALID,,englanti (Tansania),engelska (Tanzania),English (Tanzania),,,,,,,,,
et,,VALID,,viro,estniska,Estonian,,,,,,,,,
en-PR,,VALID,,englanti (Puerto Rico),engelska (Puerto Rico),English (Puerto Rico),,,,,,,,,
mua,,VALID,,mundang,mundang,Mundang,,,,,,,,,
ko-KP,,VALID,,korea (Pohjois-Korea),koreanska (Nordkorea),Korean (North Korea),,,,,,,,,
id,,VALID,,Indonesian,indonesiska,Indonesian,,,,,,,,,
ps,,VALID,,paštu,afghanska,Pashto,,,,,,,,,
sn,,VALID,,šona,shona,Shona,,,,,,,,,
nl-SR,,VALID,,hollanti (Suriname),nederländska (Surinam),Dutch (Suriname),,,,,,,,,
rof,,VALID,,rombo,rombo,Rombo,,,,,,,,,
en-BS,,VALID,,englanti (Bahama),engelska (Bahamas),English (Bahamas),,,,,,,,,
km,,VALID,,khmer,kambodjanska,Khmer,,,,,,,,,
zgh,,VALID,,vakioitu tamazight,marockansk standard-tamazight,Standard Moroccan Tamazight,,,,,,,,,
fr-NC,,VALID,,ranska (Uusi-Kaledonia),franska (Nya Kaledonien),French (New Caledonia),,,,,,,,,
be,,VALID,,valkovenäjä,vitryska,Belarusian,,,,,,,,,
gv,,VALID,,manksi,manx,Manx,,,,,,,,,
es,,VALID,,espanja,spanska,Spanish,,,,,,,,,
dua,,VALID,,duala,duala,Duala,,,,,,,,,
gd-GB,,VALID,,gaeli (Iso-Britannia),skotsk gäliska (Storbritannien),Scottish Gaelic (United Kingdom),,,,,,,,,
jgo,,VALID,,ngomba,ngomba,Ngomba,,,,,,,,,
nl-BQ,,VALID,,hollanti (Karibian Alankomaat),nederländska (Karibiska Nederländerna),Dutch (Caribbean Netherlands),,,,,,,,,
fr-CM,,VALID,,ranska (Kamerun),franska (Kamerun),French (Cameroon),,,,,,,,,
gsw,,VALID,,sveitsinsaksa,schweizertyska,Swiss German,,,,,,,,,
uz-Cyrl-UZ,,VALID,,"uzbekki (kyrillinen, Uzbekistan)","uzbekiska (kyrilliska, Uzbekistan)","Uzbek (Cyrillic, Uzbekistan)",,,,,,,,,
pa-Guru-IN,,VALID,,"pandžabi (gurmukhi, Intia)","punjabi (gurmukhiska, Indien)","Punjabi (Gurmukhi, India)",,,,,,,,,
en-KE,,VALID,,englanti (Kenia),engelska (Kenya),English (Kenya),,,,,,,,,
guz,,VALID,,gusii,gusii,Gusii,,,,,,,,,
mfe,,VALID,,morisyen,mauritansk kreol,Morisyen,,,,,,,,,
asa-TZ,,VALID,,asu (Tansania),asu (Tanzania),Asu (Tanzania),,,,,,,,,
teo-UG,,VALID,,teso (Uganda),teso (Uganda),Teso (Uganda),,,,,,,,,
ja,,VALID,,japani,japanska,Japanese,,,,,,,,,
fr-SN,,VALID,,ranska (Senegal),franska (Senegal),French (Senegal),,,,,,,,,
or,,VALID,,orija,oriya,Odia,,,,,,,,,
brx,,VALID,,bodo,bodo,Bodo,,,,,,,,,
fr-MA,,VALID,,ranska (Marokko),franska (Marocko),French (Morocco),,,,,,,,,
pt-LU,,VALID,,portugali (Luxemburg),portugisiska (Luxemburg),Portuguese (Luxembourg),,,,,,,,,
fr-BL,,VALID,,ranska (Saint-Barthélemy),franska (S:t Barthélemy),French (St. Barthélemy),,,,,,,,,
en-NL,,VALID,,englanti (Alankomaat),engelska (Nederländerna),English (Netherlands),,,,,,,,,
mgo-CM,,VALID,,meta’ (Kamerun),meta’ (Kamerun),Metaʼ (Cameroon),,,,,,,,,
ln-CG,,VALID,,lingala (Kongon tasavalta),lingala (Kongo-Brazzaville),Lingala (Congo - Brazzaville),,,,,,,,,
te,,VALID,,telugu,telugu,Telugu,,,,,,,,,
sl,,VALID,,sloveeni,slovenska,Slovenian,,,,,,,,,
ko-KR,,VALID,,korea (Etelä-Korea),koreanska (Sydkorea),Korean (South Korea),,,,,,,,,
el-CY,,VALID,,kreikka (Kypros),grekiska (Cypern),Greek (Cyprus),,,,,,,,,
mr-IN,,VALID,,marathi (Intia),marathi (Indien),Marathi (India),,,,,,,,,
ha,,VALID,,hausa,hausa,Hausa,,,,,,,,,
es-MX,,VALID,,espanja (Meksiko),spanska (Mexiko),Spanish (Mexico),,,,,,,,,
lrc-IR,,VALID,,pohjoisluri (Iran),nordluri (Iran),Northern Luri (Iran),,,,,,,,,
gsw-FR,,VALID,,sveitsinsaksa (Ranska),schweizertyska (Frankrike),Swiss German (France),,,,,,,,,
es-HN,,VALID,,espanja (Honduras),spanska (Honduras),Spanish (Honduras),,,,,,,,,
hu-HU,,VALID,,unkari (Unkari),ungerska (Ungern),Hungarian (Hungary),,,,,,,,,
ff-SN,,VALID,,fulani (Senegal),fulani (Senegal),Fulah (Senegal),,,,,,,,,
sbp,,VALID,,sangu,sangu,Sangu,,,,,,,,,
sq-MK,,VALID,,albania (Makedonia),albanska (Makedonien),Albanian (Macedonia),,,,,,,,,
sr-Cyrl-BA,,VALID,,"serbia (kyrillinen, Bosnia ja Hertsegovina)","serbiska (kyrilliska, Bosnien och Hercegovina)","Serbian (Cyrillic, Bosnia & Herzegovina)",,,,,,,,,
fi,,VALID,,suomi,finska,Finnish,,,,,,,,,
uz,,VALID,,uzbekki,uzbekiska,Uzbek,,,,,,,,,
bs-Cyrl,,VALID,,bosnia (kyrillinen),bosniska (kyrilliska),Bosnian (Cyrillic),,,,,,,,,
et-EE,,VALID,,viro (Viro),estniska (Estland),Estonian (Estonia),,,,,,,,,
sr-Latn,,VALID,,serbia (latinalainen),serbiska (latinska),Serbian (Latin),,,,,,,,,
en-SS,,VALID,,englanti (Etelä-Sudan),engelska (Sydsudan),English (South Sudan),,,,,,,,,
sw,,VALID,,swahili,swahili,Swahili,,,,,,,,,
bo-IN,,VALID,,tiibet (Intia),tibetanska (Indien),Tibetan (India),,,,,,,,,
fy-NL,,VALID,,länsifriisi (Alankomaat),västfrisiska (Nederländerna),Western Frisian (Netherlands),,,,,,,,,
ar-OM,,VALID,,arabia (Oman),arabiska (Oman),Arabic (Oman),,,,,,,,,
tr-CY,,VALID,,turkki (Kypros),turkiska (Cypern),Turkish (Cyprus),,,,,,,,,
nmg,,VALID,,kwasio,kwasio,Kwasio,,,,,,,,,
rm,,VALID,,retoromaani,rätoromanska,Romansh,,,,,,,,,
en-MG,,VALID,,englanti (Madagaskar),engelska (Madagaskar),English (Madagascar),,,,,,,,,
fr-BI,,VALID,,ranska (Burundi),franska (Burundi),French (Burundi),,,,,,,,,
uz-Latn-UZ,,VALID,,"uzbekki (latinalainen, Uzbekistan)","uzbekiska (latinska, Uzbekistan)","Uzbek (Latin, Uzbekistan)",,,,,,,,,
bn,,VALID,,bengali,bengali,Bangla,,,,,,,,,
dua-CM,,VALID,,duala (Kamerun),duala (Kamerun),Duala (Cameroon),,,,,,,,,
de-IT,,VALID,,saksa (Italia),tyska (Italien),German (Italy),,,,,,,,,
lrc-IQ,,VALID,,pohjoisluri (Irak),nordluri (Irak),Northern Luri (Iraq),,,,,,,,,
vai-Vaii,,VALID,,vai (vailainen),vaj (vaj),Vai (Vai),,,,,,,,,
kn,,VALID,,kannada,kannada,Kannada,,,,,,,,,
fr-TN,,VALID,,ranska (Tunisia),franska (Tunisien),French (Tunisia),,,,,,,,,
sr-RS,,VALID,,serbia (Serbia),serbiska (Serbien),Serbian (Serbia),,,,,,,,,
de-CH,,VALID,,saksa (Sveitsi),tyska (Schweiz),German (Switzerland),,,,,,,,,
bn-BD,,VALID,,bengali (Bangladesh),bengali (Bangladesh),Bangla (Bangladesh),,,,,,,,,
nnh,,VALID,,ngiemboon,bamileké-ngiemboon,Ngiemboon,,,,,,,,,
fr-PF,,VALID,,ranska (Ranskan Polynesia),franska (Franska Polynesien),French (French Polynesia),,,,,,,,,
en-ZA,,VALID,,englanti (Etelä-Afrikka),engelska (Sydafrika),English (South Africa),,,,,,,,,
gu,,VALID,,gudžarati,gujarati,Gujarati,,,,,,,,,
pt-GQ,,VALID,,portugali (Päiväntasaajan Guinea),portugisiska (Ekvatorialguinea),Portuguese (Equatorial Guinea),,,,,,,,,
vun-TZ,,VALID,,vunjo (Tansania),vunjo (Tanzania),Vunjo (Tanzania),,,,,,,,,
jmc-TZ,,VALID,,machame (Tansania),kimashami (Tanzania),Machame (Tanzania),,,,,,,,,
en-TV,,VALID,,englanti (Tuvalu),engelska (Tuvalu),English (Tuvalu),,,,,,,,,
lo,,VALID,,lao,laotiska,Lao,,,,,,,,,
fr-FR,,VALID,,ranska (Ranska),franska (Frankrike),French (France),,,,,,,,,
en-PN,,VALID,,englanti (Pitcairn),engelska (Pitcairnöarna),English (Pitcairn Islands),,,,,,,,,
en-MH,,VALID,,englanti (Marshallinsaaret),engelska (Marshallöarna),English (Marshall Islands),,,,,,,,,
fr-BJ,,VALID,,ranska (Benin),franska (Benin),French (Benin),,,,,,,,,
zh-Hant,,VALID,,kiina (perinteinen),kinesiska (traditionella),Chinese (Traditional),,,,,,,,,
cu-RU,,VALID,,kirkkoslaavi (Venäjä),kyrkslaviska (Ryssland),Church Slavic (Russia),,,,,,,,,
zh-Hans-HK,,VALID,,"kiina (yksinkertaistettu, Hongkong – Kiinan e.h.a.)","kinesiska (förenklade, Hongkong)","Chinese (Simplified, Hong Kong SAR China)",,,,,,,,,
nl-NL,,VALID,,hollanti (Alankomaat),nederländska (Nederländerna),Dutch (Netherlands),,,,,,,,,
sah-RU,,VALID,,jakuutti (Venäjä),jakutiska (Ryssland),Sakha (Russia),,,,,,,,,
en-GY,,VALID,,englanti (Guyana),engelska (Guyana),English (Guyana),,,,,,,,,
ps-AF,,VALID,,paštu (Afganistan),afghanska (Afghanistan),Pashto (Afghanistan),,,,,,,,,
bs-Latn,,VALID,,bosnia (latinalainen),bosniska (latinska),Bosnian (Latin),,,,,,,,,
ky,,VALID,,kirgiisi,kirgisiska,Kyrgyz,,,,,,,,,
mas,,VALID,,maasai,massajiska,Masai,,,,,,,,,
dyo-SN,,VALID,,jola-fonyi (Senegal),jola-fonyi (Senegal),Jola-Fonyi (Senegal),,,,,,,,,
os,,VALID,,osseetti,ossetiska,Ossetic,,,,,,,,,
bs-Cyrl-BA,,VALID,,"bosnia (kyrillinen, Bosnia ja Hertsegovina)","bosniska (kyrilliska, Bosnien och Hercegovina)","Bosnian (Cyrillic, Bosnia & Herzegovina)",,,,,,,,,
nl-CW,,VALID,,hollanti (Curaçao),nederländska (Curaçao),Dutch (Curaçao),,,,,,,,,
ar-DZ,,VALID,,arabia (Algeria),arabiska (Algeriet),Arabic (Algeria),,,,,,,,,
sk-SK,,VALID,,slovakki (Slovakia),slovakiska (Slovakien),Slovak (Slovakia),,,,,,,,,
pt-CH,,VALID,,portugali (Sveitsi),portugisiska (Schweiz),Portuguese (Switzerland),,,,,,,,,
fr-GQ,,VALID,,ranska (Päiväntasaajan Guinea),franska (Ekvatorialguinea),French (Equatorial Guinea),,,,,,,,,
ff-CM,,VALID,,fulani (Kamerun),fulani (Kamerun),Fulah (Cameroon),,,,,,,,,
am,,VALID,,amhara,amhariska,Amharic,,,,,,,,,
en-NG,,VALID,,englanti (Nigeria),engelska (Nigeria),English (Nigeria),,,,,,,,,
fr-CI,,VALID,,ranska (Norsunluurannikko),franska (Elfenbenskusten),French (Côte d’Ivoire),,,,,,,,,
ki-KE,,VALID,,kikuju (Kenia),kikuyu (Kenya),Kikuyu (Kenya),,,,,,,,,
en-PK,,VALID,,englanti (Pakistan),engelska (Pakistan),English (Pakistan),,,,,,,,,
zh-CN,,VALID,,kiina (Kiina),kinesiska (Kina),Chinese (China),,,,,,,,,
en-LC,,VALID,,englanti (Saint Lucia),engelska (S:t Lucia),English (St. Lucia),,,,,,,,,
rw,,VALID,,ruanda,kinjarwanda,Kinyarwanda,,,,,,,,,
brx-IN,,VALID,,bodo (Intia),bodo (Indien),Bodo (India),,,,,,,,,
wo-SN,,VALID,,wolof (Senegal),wolof (Senegal),Wolof (Senegal),,,,,,,,,
he,,VALID,,heprea,hebreiska,Hebrew,,,,,,,,,
gv-IM,,VALID,,manksi (Mansaari),manx (Isle of Man),Manx (Isle of Man),,,,,,,,,
mk-MK,,VALID,,makedonia (Makedonia),makedonska (Makedonien),Macedonian (Macedonia),,,,,,,,,
en-TT,,VALID,,englanti (Trinidad ja Tobago),engelska (Trinidad och Tobago),English (Trinidad & Tobago),,,,,,,,,
dav,,VALID,,taita,taita,Taita,,,,,,,,,
sl-SI,,VALID,,sloveeni (Slovenia),slovenska (Slovenien),Slovenian (Slovenia),,,,,,,,,
fr-HT,,VALID,,ranska (Haiti),franska (Haiti),French (Haiti),,,,,,,,,
te-IN,,VALID,,telugu (Intia),telugu (Indien),Telugu (India),,,,,,,,,
nl-SX,,VALID,,hollanti (Sint Maarten),nederländska (Sint Maarten),Dutch (Sint Maarten),,,,,,,,,
lrc,,VALID,,pohjoisluri,nordluri,Northern Luri,,,,,,,,,
ses,,VALID,,koyraboro senni,Gao-songhay,Koyraboro Senni,,,,,,,,,
ce,,VALID,,tšetšeeni,tjetjenska,Chechen,,,,,,,,,
fr-CG,,VALID,,ranska (Kongon tasavalta),franska (Kongo-Brazzaville),French (Congo - Brazzaville),,,,,,,,,
fr-BE,,VALID,,ranska (Belgia),franska (Belgien),French (Belgium),,,,,,,,,
jgo-CM,,VALID,,ngomba (Kamerun),ngomba (Kamerun),Ngomba (Cameroon),,,,,,,,,
mt-MT,,VALID,,malta (Malta),maltesiska (Malta),Maltese (Malta),,,,,,,,,
es-VE,,VALID,,espanja (Venezuela),spanska (Venezuela),Spanish (Venezuela),,,,,,,,,
mg,,VALID,,malagassi,malagassiska,Malagasy,,,,,,,,,
mr,,VALID,,marathi,marathi,Marathi,,,,,,,,,
mer-KE,,VALID,,meru (Kenia),meru (Kenya),Meru (Kenya),,,,,,,,,
ko,,VALID,,korea,koreanska,Korean,,,,,,,,,
nds-NL,,VALID,,alasaksa (Alankomaat),lågtyska (Nederländerna),Low German (Netherlands),,,,,,,,,
en-BM,,VALID,,englanti (Bermuda),engelska (Bermuda),English (Bermuda),,,,,,,,,
nb-NO,,VALID,,norjan bokmål (Norja),norskt bokmål (Norge),Norwegian Bokmål (Norway),,,,,,,,,
ak,,VALID,,akan,akan,Akan,,,,,,,,,
seh,,VALID,,sena,sena,Sena,,,,,,,,,
kde,,VALID,,makonde,makonde,Makonde,,,,,,,,,
dz,,VALID,,dzongkha,dzongkha,Dzongkha,,,,,,,,,
kea-CV,,VALID,,kapverdenkreoli (Kap Verde),kapverdiska (Kap Verde),Kabuverdianu (Cape Verde),,,,,,,,,
mgo,,VALID,,meta’,meta’,Metaʼ,,,,,,,,,
vi-VN,,VALID,,vietnam (Vietnam),vietnamesiska (Vietnam),Vietnamese (Vietnam),,,,,,,,,
en-VU,,VALID,,englanti (Vanuatu),engelska (Vanuatu),English (Vanuatu),,,,,,,,,
en-US,,VALID,,englanti (Yhdysvallat),engelska (USA),English (United States),,,,,,,,,
to-TO,,VALID,,tonga (Tonga),tonganska (Tonga),Tongan (Tonga),,,,,,,,,
mfe-MU,,VALID,,morisyen (Mauritius),mauritansk kreol (Mauritius),Morisyen (Mauritius),,,,,,,,,
seh-MZ,,VALID,,sena (Mosambik),sena (Moçambique),Sena (Mozambique),,,,,,,,,
fr-BF,,VALID,,ranska (Burkina Faso),franska (Burkina Faso),French (Burkina Faso),,,,,,,,,
pa-Guru,,VALID,,pandžabi (gurmukhi),punjabi (gurmukhiska),Punjabi (Gurmukhi),,,,,,,,,
it-SM,,VALID,,italia (San Marino),italienska (San Marino),Italian (San Marino),,,,,,,,,
fr-YT,,VALID,,ranska (Mayotte),franska (Mayotte),French (Mayotte),,,,,,,,,
gu-IN,,VALID,,gudžarati (Intia),gujarati (Indien),Gujarati (India),,,,,,,,,
ii-CN,,VALID,,sichuanin-yi (Kiina),szezuan i (Kina),Sichuan Yi (China),,,,,,,,,
pa-Arab-PK,,VALID,,"pandžabi (arabialainen, Pakistan)","punjabi (arabiska, Pakistan)","Punjabi (Arabic, Pakistan)",,,,,,,,,
ast,,VALID,,asturia,asturiska,Asturian,,,,,,,,,
fr-RE,,VALID,,ranska (Réunion),franska (Réunion),French (Réunion),,,,,,,,,
fi-FI,,VALID,,suomi (Suomi),finska (Finland),Finnish (Finland),,,,,,,,,
yue-Hans,,VALID,,kantoninkiina (yksinkertaistettu),kantonesiska (förenklade),Cantonese (Simplified),,,,,,,,,
ca-FR,,VALID,,katalaani (Ranska),katalanska (Frankrike),Catalan (France),,,,,,,,,
sr-Latn-BA,,VALID,,"serbia (latinalainen, Bosnia ja Hertsegovina)","serbiska (latinska, Bosnien och Hercegovina)","Serbian (Latin, Bosnia & Herzegovina)",,,,,,,,,
bn-IN,,VALID,,bengali (Intia),bengali (Indien),Bangla (India),,,,,,,,,
fr-GP,,VALID,,ranska (Guadeloupe),franska (Guadeloupe),French (Guadeloupe),,,,,,,,,
pa,,VALID,,pandžabi,punjabi,Punjabi,,,,,,,,,
zgh-MA,,VALID,,vakioitu tamazight (Marokko),marockansk standard-tamazight (Marocko),Standard Moroccan Tamazight (Morocco),,,,,,,,,
uk-UA,,VALID,,ukraina (Ukraina),ukrainska (Ukraina),Ukrainian (Ukraine),,,,,,,,,
fr-DJ,,VALID,,ranska (Djibouti),franska (Djibouti),French (Djibouti),,,,,,,,,
rn,,VALID,,rundi,rundi,Rundi,,,,,,,,,
tg,,VALID,,tadžikki,tadzjikiska,Tajik,,,,,,,,,
rwk,,VALID,,rwa,rwa,Rwa,,,,,,,,,
hu,,VALID,,unkari,ungerska,Hungarian,,,,,,,,,
fr-CH,,VALID,,ranska (Sveitsi),franska (Schweiz),French (Switzerland),,,,,,,,,
en-NF,,VALID,,englanti (Norfolkinsaari),engelska (Norfolkön),English (Norfolk Island),,,,,,,,,
twq,,VALID,,tasawaq,tasawaq,Tasawaq,,,,,,,,,
ha-GH,,VALID,,hausa (Ghana),hausa (Ghana),Hausa (Ghana),,,,,,,,,
sr-Cyrl-XK,,VALID,,"serbia (kyrillinen, Kosovo)","serbiska (kyrilliska, Kosovo)","Serbian (Cyrillic, Kosovo)",,,,,,,,,
bm,,VALID,,bambara,bambara,Bambara,,,,,,,,,
ar-SS,,VALID,,arabia (Etelä-Sudan),arabiska (Sydsudan),Arabic (South Sudan),,,,,,,,,
en-GU,,VALID,,englanti (Guam),engelska (Guam),English (Guam),,,,,,,,,
nl-AW,,VALID,,hollanti (Aruba),nederländska (Aruba),Dutch (Aruba),,,,,,,,,
de-BE,,VALID,,saksa (Belgia),tyska (Belgien),German (Belgium),,,,,,,,,
en-AI,,VALID,,englanti (Anguilla),engelska (Anguilla),English (Anguilla),,,,,,,,,
en-CM,,VALID,,englanti (Kamerun),engelska (Kamerun),English (Cameroon),,,,,,,,,
xog-UG,,VALID,,soga (Uganda),lusoga (Uganda),Soga (Uganda),,,,,,,,,
cs-CZ,,VALID,,tšekki (Tšekki),tjeckiska (Tjeckien),Czech (Czechia),,,,,,,,,
tr,,VALID,,turkki,turkiska,Turkish,,,,,,,,,
ca-ES,,VALID,,katalaani (Espanja),katalanska (Spanien),Catalan (Spain),,,,,,,,,
cgg,,VALID,,kiga,chiga,Chiga,,,,,,,,,
rm-CH,,VALID,,retoromaani (Sveitsi),rätoromanska (Schweiz),Romansh (Switzerland),,,,,,,,,
nyn-UG,,VALID,,nyankole (Uganda),nyankole (Uganda),Nyankole (Uganda),,,,,,,,,
ru-MD,,VALID,,venäjä (Moldova),ryska (Moldavien),Russian (Moldova),,,,,,,,,
ms-MY,,VALID,,malaiji (Malesia),malajiska (Malaysia),Malay (Malaysia),,,,,,,,,
ta-LK,,VALID,,tamili (Sri Lanka),tamil (Sri Lanka),Tamil (Sri Lanka),,,,,,,,,
ksf,,VALID,,bafia,bafia,Bafia,,,,,,,,,
en-TO,,VALID,,englanti (Tonga),engelska (Tonga),English (Tonga),,,,,,,,,
cy,,VALID,,kymri,walesiska,Welsh,,,,,,,,,
en-PG,,VALID,,englanti (Papua-Uusi-Guinea),engelska (Papua Nya Guinea),English (Papua New Guinea),,,,,,,,,
fr-CF,,VALID,,ranska (Keski-Afrikan tasavalta),franska (Centralafrikanska republiken),French (Central African Republic),,,,,,,,,
pt-TL,,VALID,,portugali (Itä-Timor),portugisiska (Östtimor),Portuguese (Timor-Leste),,,,,,,,,
sq,,VALID,,albania,albanska,Albanian,,,,,,,,,
fr,,VALID,,ranska,franska,French,,,,,,,,,
tg-TJ,,VALID,,tadžikki (Tadžikistan),tadzjikiska (Tadzjikistan),Tajik (Tajikistan),,,,,,,,,
en-ER,,VALID,,englanti (Eritrea),engelska (Eritrea),English (Eritrea),,,,,,,,,
qu-PE,,VALID,,ketšua (Peru),quechua (Peru),Quechua (Peru),,,,,,,,,
sr-BA,,VALID,,serbia (Bosnia ja Hertsegovina),serbiska (Bosnien och Hercegovina),Serbian (Bosnia & Herzegovina),,,,,,,,,
es-PY,,VALID,,espanja (Paraguay),spanska (Paraguay),Spanish (Paraguay),,,,,,,,,
de,,VALID,,saksa,tyska,German,,,,,,,,,
es-EC,,VALID,,espanja (Ecuador),spanska (Ecuador),Spanish (Ecuador),,,,,,,,,
kok-IN,,VALID,,konkani (Intia),konkani (Indien),Konkani (India),,,,,,,,,
lg-UG,,VALID,,ganda (Uganda),luganda (Uganda),Ganda (Uganda),,,,,,,,,
zu-ZA,,VALID,,zulu (Etelä-Afrikka),zulu (Sydafrika),Zulu (South Africa),,,,,,,,,
fr-TG,,VALID,,ranska (Togo),franska (Togo),French (Togo),,,,,,,,,
sr-Latn-XK,,VALID,,"serbia (latinalainen, Kosovo)","serbiska (latinska, Kosovo)","Serbian (Latin, Kosovo)",,,,,,,,,
en-PH,,VALID,,englanti (Filippiinit),engelska (Filippinerna),English (Philippines),,,,,,,,,
ig-NG,,VALID,,igbo (Nigeria),igbo (Nigeria),Igbo (Nigeria),,,,,,,,,
fr-GN,,VALID,,ranska (Guinea),franska (Guinea),French (Guinea),,,,,,,,,
prg-001,,VALID,,muinaispreussi (maailma),fornpreussiska (världen),Prussian (World),,,,,,,,,
cgg-UG,,VALID,,kiga (Uganda),chiga (Uganda),Chiga (Uganda),,,,,,,,,
zh-Hans-MO,,VALID,,"kiina (yksinkertaistettu, Macao – Kiinan e.h.a.)","kinesiska (förenklade, Macao)","Chinese (Simplified, Macau SAR China)",,,,,,,,,
ksh-DE,,VALID,,kölsch (Saksa),kölniska (Tyskland),Colognian (Germany),,,,,,,,,
lg,,VALID,,ganda,luganda,Ganda,,,,,,,,,
ru-RU,,VALID,,venäjä (Venäjä),ryska (Ryssland),Russian (Russia),,,,,,,,,
se-FI,,VALID,,pohjoissaame (Suomi),nordsamiska (Finland),Northern Sami (Finland),,,,,,,,,
ff,,VALID,,fulani,fulani,Fulah,,,,,,,,,
en-DM,,VALID,,englanti (Dominica),engelska (Dominica),English (Dominica),,,,,,,,,
en-CK,,VALID,,englanti (Cookinsaaret),engelska (Cooköarna),English (Cook Islands),,,,,,,,,
sd,,VALID,,sindhi,sindhi,Sindhi,,,,,,,,,
ar-MA,,VALID,,arabia (Marokko),arabiska (Marocko),Arabic (Morocco),,,,,,,,,
ga-IE,,VALID,,iiri (Irlanti),iriska (Irland),Irish (Ireland),,,,,,,,,
en-BI,,VALID,,englanti (Burundi),engelska (Burundi),English (Burundi),,,,,,,,,
en-AG,,VALID,,englanti (Antigua ja Barbuda),engelska (Antigua och Barbuda),English (Antigua & Barbuda),,,,,,,,,
fr-TD,,VALID,,ranska (Tšad),franska (Tchad),French (Chad),,,,,,,,,
en-WS,,VALID,,englanti (Samoa),engelska (Samoa),English (Samoa),,,,,,,,,
fr-LU,,VALID,,ranska (Luxemburg),franska (Luxemburg),French (Luxembourg),,,,,,,,,
ebu-KE,,VALID,,embu (Kenia),embu (Kenya),Embu (Kenya),,,,,,,,,
bem-ZM,,VALID,,bemba (Sambia),bemba (Zambia),Bemba (Zambia),,,,,,,,,
xog,,VALID,,soga,lusoga,Soga,,,,,,,,,
ewo-CM,,VALID,,ewondo (Kamerun),ewondo (Kamerun),Ewondo (Cameroon),,,,,,,,,
fr-CD,,VALID,,ranska (Kongon demokraattinen tasavalta),franska (Kongo-Kinshasa),French (Congo - Kinshasa),,,,,,,,,
so,,VALID,,somali,somaliska,Somali,,,,,,,,,
rn-BI,,VALID,,rundi (Burundi),rundi (Burundi),Rundi (Burundi),,,,,,,,,
en-NA,,VALID,,englanti (Namibia),engelska (Namibia),English (Namibia),,,,,,,,,
ar-ER,,VALID,,arabia (Eritrea),arabiska (Eritrea),Arabic (Eritrea),,,,,,,,,
kab,,VALID,,kabyyli,kabyliska,Kabyle,,,,,,,,,
ms,,VALID,,malaiji,malajiska,Malay,,,,,,,,,
nus,,VALID,,nuer,nuer,Nuer,,,,,,,,,
sn-ZW,,VALID,,šona (Zimbabwe),shona (Zimbabwe),Shona (Zimbabwe),,,,,,,,,
prg,,VALID,,muinaispreussi,fornpreussiska,Prussian,,,,,,,,,
he-IL,,VALID,,heprea (Israel),hebreiska (Israel),Hebrew (Israel),,,,,,,,,
ug,,VALID,,uiguuri,uiguriska,Uyghur,,,,,,,,,
es-EA,,VALID,,espanja (Ceuta ja Melilla),spanska (Ceuta och Melilla),Spanish (Ceuta & Melilla),,,,,,,,,
th-TH-u-nu-thai-x-lvariant-TH,,VALID,,"thai (Thaimaa, TH, thainumerot)","thailändska (Thailand, TH, thailändska siffror)","Thai (Thailand, TH, Thai Digits)",,,,,,,,,
hi,,VALID,,hindi,hindi,Hindi,,,,,,,,,
fr-SC,,VALID,,ranska (Seychellit),franska (Seychellerna),French (Seychelles),,,,,,,,,
ca-IT,,VALID,,katalaani (Italia),katalanska (Italien),Catalan (Italy),,,,,,,,,
lag-TZ,,VALID,,lango (Tansania),langi (Tanzania),Langi (Tanzania),,,,,,,,,
en-SL,,VALID,,englanti (Sierra Leone),engelska (Sierra Leone),English (Sierra Leone),,,,,,,,,
teo-KE,,VALID,,teso (Kenia),teso (Kenya),Teso (Kenya),,,,,,,,,
no-NO,,VALID,,norja (Norja),norska (Norge),Norwegian (Norway),,,,,,,,,
ca-AD,,VALID,,katalaani (Andorra),katalanska (Andorra),Catalan (Andorra),,,,,,,,,
zh-Hant-MO,,VALID,,"kiina (perinteinen, Macao – Kiinan e.h.a.)","kinesiska (traditionella, Macao)","Chinese (Traditional, Macau SAR China)",,,,,,,,,
en-SH,,VALID,,englanti (Saint Helena),engelska (S:t Helena),English (St. Helena),,,,,,,,,
vai,,VALID,,vai,vaj,Vai,,,,,,,,,
qu-BO,,VALID,,ketšua (Bolivia),quechua (Bolivia),Quechua (Bolivia),,,,,,,,,
haw-US,,VALID,,havaiji (Yhdysvallat),hawaiiska (USA),Hawaiian (United States),,,,,,,,,
vi,,VALID,,vietnam,vietnamesiska,Vietnamese,,,,,,,,,
fr-CA,,VALID,,ranska (Kanada),franska (Kanada),French (Canada),,,,,,,,,
de-LU,,VALID,,saksa (Luxemburg),tyska (Luxemburg),German (Luxembourg),,,,,,,,,
sq-XK,,VALID,,albania (Kosovo),albanska (Kosovo),Albanian (Kosovo),,,,,,,,,
dyo,,VALID,,jola-fonyi,jola-fonyi,Jola-Fonyi,,,,,,,,,
en-KY,,VALID,,englanti (Caymansaaret),engelska (Caymanöarna),English (Cayman Islands),,,,,,,,,
mt,,VALID,,malta,maltesiska,Maltese,,,,,,,,,
it-CH,,VALID,,italia (Sveitsi),italienska (Schweiz),Italian (Switzerland),,,,,,,,,
de-DE,,VALID,,saksa (Saksa),tyska (Tyskland),German (Germany),,,,,,,,,
si-LK,,VALID,,sinhala (Sri Lanka),singalesiska (Sri Lanka),Sinhala (Sri Lanka),,,,,,,,,
luo-KE,,VALID,,luo (Kenia),luo (Kenya),Luo (Kenya),,,,,,,,,
en-DK,,VALID,,englanti (Tanska),engelska (Danmark),English (Denmark),,,,,,,,,
yav,,VALID,,yangben,yangben,Yangben,,,,,,,,,
so-DJ,,VALID,,somali (Djibouti),somaliska (Djibouti),Somali (Djibouti),,,,,,,,,
lt-LT,,VALID,,liettua (Liettua),litauiska (Litauen),Lithuanian (Lithuania),,,,,,,,,
it-IT,,VALID,,italia (Italia),italienska (Italien),Italian (Italy),,,,,,,,,
eo,,VALID,,esperanto,esperanto,Esperanto,,,,,,,,,
kam,,VALID,,kamba,kamba,Kamba,,,,,,,,,
ar-SO,,VALID,,arabia (Somalia),arabiska (Somalia),Arabic (Somalia),,,,,,,,,
en-ZW,,VALID,,englanti (Zimbabwe),engelska (Zimbabwe),English (Zimbabwe),,,,,,,,,
ro,,VALID,,romania,rumänska,Romanian,,,,,,,,,
eo-001,,VALID,,esperanto (maailma),esperanto (världen),Esperanto (World),,,,,,,,,
ee,,VALID,,ewe,ewe,Ewe,,,,,,,,,
en-UM,,VALID,,englanti (Yhdysvaltain erillissaaret),engelska (USA:s yttre öar),English (U.S. Outlying Islands),,,,,,,,,
nn-NO,,VALID,,norjan nynorsk (Norja),nynorska (Norge),Norwegian Nynorsk (Norway),,,,,,,,,
fr-MU,,VALID,,ranska (Mauritius),franska (Mauritius),French (Mauritius),,,,,,,,,
pl,,VALID,,puola,polska,Polish,,,,,,,,,
se-SE,,VALID,,pohjoissaame (Ruotsi),nordsamiska (Sverige),Northern Sami (Sweden),,,,,,,,,
en-TK,,VALID,,englanti (Tokelau),engelska (Tokelau),English (Tokelau),,,,,,,,,
en-SI,,VALID,,englanti (Slovenia),engelska (Slovenien),English (Slovenia),,,,,,,,,
mua-CM,,VALID,,mundang (Kamerun),mundang (Kamerun),Mundang (Cameroon),,,,,,,,,
ur,,VALID,,urdu,urdu,Urdu,,,,,,,,,
uz-Arab,,VALID,,uzbekki (arabialainen),uzbekiska (arabiska),Uzbek (Arabic),,,,,,,,,
vai-Vaii-LR,,VALID,,"vai (vailainen, Liberia)","vaj (vaj, Liberia)","Vai (Vai, Liberia)",,,,,,,,,
saq-KE,,VALID,,samburu (Kenia),samburu (Kenya),Samburu (Kenya),,,,,,,,,
se,,VALID,,pohjoissaame,nordsamiska,Northern Sami,,,,,,,,,
pt-GW,,VALID,,portugali (Guinea-Bissau),portugisiska (Guinea-Bissau),Portuguese (Guinea-Bissau),,,,,,,,,
lo-LA,,VALID,,lao (Laos),laotiska (Laos),Lao (Laos),,,,,,,,,
chr,,VALID,,cherokee,cherokesiska,Cherokee,,,,,,,,,
ar-LB,,VALID,,arabia (Libanon),arabiska (Libanon),Arabic (Lebanon),,,,,,,,,
af-ZA,,VALID,,afrikaans (Etelä-Afrikka),afrikaans (Sydafrika),Afrikaans (South Africa),,,,,,,,,
ms-SG,,VALID,,malaiji (Singapore),malajiska (Singapore),Malay (Singapore),,,,,,,,,
ee-TG,,VALID,,ewe (Togo),ewe (Togo),Ewe (Togo),,,,,,,,,
ln-AO,,VALID,,lingala (Angola),lingala (Angola),Lingala (Angola),,,,,,,,,
be-BY,,VALID,,valkovenäjä (Valko-Venäjä),vitryska (Vitryssland),Belarusian (Belarus),,,,,,,,,
ff-GN,,VALID,,fulani (Guinea),fulani (Guinea),Fulah (Guinea),,,,,,,,,
yue-Hant,,VALID,,kantoninkiina (perinteinen),kantonesiska (traditionella),Cantonese (Traditional),,,,,,,,,
id-ID,,VALID,,Indonesian (Indonesia),indonesiska (Indonesien),Indonesian (Indonesia),,,,,,,,,
es-BZ,,VALID,,espanja (Belize),spanska (Belize),Spanish (Belize),,,,,,,,,
ar-AE,,VALID,,arabia (Arabiemiirikunnat),arabiska (Förenade Arabemiraten),Arabic (United Arab Emirates),,,,,,,,,
hr-HR,,VALID,,kroatia (Kroatia),kroatiska (Kroatien),Croatian (Croatia),,,,,,,,,
luy,,VALID,,luhya,luhya,Luyia,,,,,,,,,
as,,VALID,,assami,assamesiska,Assamese,,,,,,,,,
rof-TZ,,VALID,,rombo (Tansania),rombo (Tanzania),Rombo (Tanzania),,,,,,,,,
it,,VALID,,italia,italienska,Italian,,,,,,,,,
pt-CV,,VALID,,portugali (Kap Verde),portugisiska (Kap Verde),Portuguese (Cape Verde),,,,,,,,,
ks-IN,,VALID,,kašmiri (Intia),kashmiriska (Indien),Kashmiri (India),,,,,,,,,
uk,,VALID,,ukraina,ukrainska,Ukrainian,,,,,,,,,
my-MM,,VALID,,burma (Myanmar (Burma)),burmesiska (Myanmar (Burma)),Burmese (Myanmar (Burma)),,,,,,,,,
ur-PK,,VALID,,urdu (Pakistan),urdu (Pakistan),Urdu (Pakistan),,,,,,,,,
mn-MN,,VALID,,mongoli (Mongolia),mongoliska (Mongoliet),Mongolian (Mongolia),,,,,,,,,
da-DK,,VALID,,tanska (Tanska),danska (Danmark),Danish (Denmark),,,,,,,,,
en-FM,,VALID,,englanti (Mikronesian liittovaltio),engelska (Mikronesien),English (Micronesia),,,,,,,,,
es-PR,,VALID,,espanja (Puerto Rico),spanska (Puerto Rico),Spanish (Puerto Rico),,,,,,,,,
wae-CH,,VALID,,walser (Sveitsi),walsertyska (Schweiz),Walser (Switzerland),,,,,,,,,
mzn,,VALID,,mazandarani,mazanderani,Mazanderani,,,,,,,,,
en-BE,,VALID,,englanti (Belgia),engelska (Belgien),English (Belgium),,,,,,,,,
ii,,VALID,,sichuanin-yi,szezuan i,Sichuan Yi,,,,,,,,,
tt,,VALID,,tataari,tatariska,Tatar,,,,,,,,,
fr-WF,,VALID,,ranska (Wallis ja Futuna),franska (Wallis- och Futunaöarna),French (Wallis & Futuna),,,,,,,,,
ru-BY,,VALID,,venäjä (Valko-Venäjä),ryska (Vitryssland),Russian (Belarus),,,,,,,,,
mzn-IR,,VALID,,mazandarani (Iran),mazanderani (Iran),Mazanderani (Iran),,,,,,,,,
naq,,VALID,,nama,nama,Nama,,,,,,,,,
fo-DK,,VALID,,fääri (Tanska),färöiska (Danmark),Faroese (Denmark),,,,,,,,,
en-SG,,VALID,,englanti (Singapore),engelska (Singapore),English (Singapore),,,,,,,,,
ee-GH,,VALID,,ewe (Ghana),ewe (Ghana),Ewe (Ghana),,,,,,,,,
ar-BH,,VALID,,arabia (Bahrain),arabiska (Bahrain),Arabic (Bahrain),,,,,,,,,
kln-KE,,VALID,,kalenjin (Kenia),kalenjin (Kenya),Kalenjin (Kenya),,,,,,,,,
tzm,,VALID,,keskiatlaksentamazight,centralmarockansk tamazight,Central Atlas Tamazight,,,,,,,,,
fur,,VALID,,friuli,friulianska,Friulian,,,,,,,,,
om,,VALID,,oromo,oromo,Oromo,,,,,,,,,
hi-IN,,VALID,,hindi (Intia),hindi (Indien),Hindi (India),,,,,,,,,
en-CH,,VALID,,englanti (Sveitsi),engelska (Schweiz),English (Switzerland),,,,,,,,,
asa,,VALID,,asu,asu,Asu,,,,,,,,,
yo-BJ,,VALID,,joruba (Benin),yoruba (Benin),Yoruba (Benin),,,,,,,,,
fo-FO,,VALID,,fääri (Färsaaret),färöiska (Färöarna),Faroese (Faroe Islands),,,,,,,,,
ast-ES,,VALID,,asturia (Espanja),asturiska (Spanien),Asturian (Spain),,,,,,,,,
fr-KM,,VALID,,ranska (Komorit),franska (Komorerna),French (Comoros),,,,,,,,,
bez-TZ,,VALID,,bena (Tansania),bena (Tanzania),Bena (Tanzania),,,,,,,,,
fr-MQ,,VALID,,ranska (Martinique),franska (Martinique),French (Martinique),,,,,,,,,
en-SD,,VALID,,englanti (Sudan),engelska (Sudan),English (Sudan),,,,,,,,,
es-AR,,VALID,,espanja (Argentiina),spanska (Argentina),Spanish (Argentina),,,,,,,,,
en-MY,,VALID,,englanti (Malesia),engelska (Malaysia),English (Malaysia),,,,,,,,,
ja-JP-u-ca-japanese-x-lvariant-JP,,VALID,,"japani (Japani, JP, japanilainen kalenteri)","japanska (Japan, JP, japansk kalender)","Japanese (Japan, JP, Japanese Calendar)",,,,,,,,,
es-SV,,VALID,,espanja (El Salvador),spanska (El Salvador),Spanish (El Salvador),,,,,,,,,
pt-BR,,VALID,,portugali (Brasilia),portugisiska (Brasilien),Portuguese (Brazil),,,,,,,,,
ml-IN,,VALID,,malajalam (Intia),malayalam (Indien),Malayalam (India),,,,,,,,,
sbp-TZ,,VALID,,sangu (Tansania),sangu (Tanzania),Sangu (Tanzania),,,,,,,,,
fil,,VALID,,filipino,filippinska,Filipino,,,,,,,,,
en-FK,,VALID,,englanti (Falklandinsaaret),engelska (Falklandsöarna),English (Falkland Islands),,,,,,,,,
uz-Cyrl,,VALID,,uzbekki (kyrillinen),uzbekiska (kyrilliska),Uzbek (Cyrillic),,,,,,,,,
is-IS,,VALID,,islanti (Islanti),isländska (Island),Icelandic (Iceland),,,,,,,,,
yue-Hant-HK,,VALID,,"kantoninkiina (perinteinen, Hongkong – Kiinan e.h.a.)","kantonesiska (traditionella, Hongkong)","Cantonese (Traditional, Hong Kong SAR China)",,,,,,,,,
hy-AM,,VALID,,armenia (Armenia),armeniska (Armenien),Armenian (Armenia),,,,,,,,,
en-GM,,VALID,,englanti (Gambia),engelska (Gambia),English (Gambia),,,,,,,,,
en-DG,,VALID,,englanti (Diego Garcia),engelska (Diego Garcia),English (Diego Garcia),,,,,,,,,
fo,,VALID,,fääri,färöiska,Faroese,,,,,,,,,
ne-NP,,VALID,,nepali (Nepal),nepalesiska (Nepal),Nepali (Nepal),,,,,,,,,
hr,,VALID,,kroatia,kroatiska,Croatian,,,,,,,,,
pt-ST,,VALID,,portugali (São Tomé ja Príncipe),portugisiska (São Tomé och Príncipe),Portuguese (São Tomé & Príncipe),,,,,,,,,
ak-GH,,VALID,,akan (Ghana),akan (Ghana),Akan (Ghana),,,,,,,,,
lt,,VALID,,liettua,litauiska,Lithuanian,,,,,,,,,
uz-Arab-AF,,VALID,,"uzbekki (arabialainen, Afganistan)","uzbekiska (arabiska, Afghanistan)","Uzbek (Arabic, Afghanistan)",,,,,,,,,
fur-IT,,VALID,,friuli (Italia),friulianska (Italien),Friulian (Italy),,,,,,,,,
ta-IN,,VALID,,tamili (Intia),tamil (Indien),Tamil (India),,,,,,,,,
ccp,,VALID,,ccp,ccp,Chakma,,,,,,,,,
en-SE,,VALID,,englanti (Ruotsi),engelska (Sverige),English (Sweden),,,,,,,,,
fr-GF,,VALID,,ranska (Ranskan Guayana),franska (Franska Guyana),French (French Guiana),,,,,,,,,
lkt,,VALID,,lakota,lakota,Lakota,,,,,,,,,
zh-Hans-CN,,VALID,,"kiina (yksinkertaistettu, Kiina)","kinesiska (förenklade, Kina)","Chinese (Simplified, China)",,,,,,,,,
is,,VALID,,islanti,isländska,Icelandic,,,,,,,,,
es-419,,VALID,,espanja (Latinalainen Amerikka),spanska (Latinamerika),Spanish (Latin America),,,,,,,,,
si,,VALID,,sinhala,singalesiska,Sinhala,,,,,,,,,
pt-AO,,VALID,,portugali (Angola),portugisiska (Angola),Portuguese (Angola),,,,,,,,,
en-001,,VALID,,englanti (maailma),engelska (världen),English (World),,,,,,,,,
en,,VALID,,englanti,engelska,English,,,,,,,,,
guz-KE,,VALID,,gusii (Kenia),gusii (Kenya),Gusii (Kenya),,,,,,,,,
gsw-LI,,VALID,,sveitsinsaksa (Liechtenstein),schweizertyska (Liechtenstein),Swiss German (Liechtenstein),,,,,,,,,
ccp-BD,,VALID,,ccp (Bangladesh),ccp (Bangladesh),Chakma (Bangladesh),,,,,,,,,
es-IC,,VALID,,espanja (Kanariansaaret),spanska (Kanarieöarna),Spanish (Canary Islands),,,,,,,,,
ca,,VALID,,katalaani,katalanska,Catalan,,,,,,,,,
ru-KG,,VALID,,venäjä (Kirgisia),ryska (Kirgizistan),Russian (Kyrgyzstan),,,,,,,,,
fr-MR,,VALID,,ranska (Mauritania),franska (Mauretanien),French (Mauritania),,,,,,,,,
ar-TN,,VALID,,arabia (Tunisia),arabiska (Tunisien),Arabic (Tunisia),,,,,,,,,
ks,,VALID,,kašmiri,kashmiriska,Kashmiri,,,,,,,,,
zh-Hant-TW,,VALID,,"kiina (perinteinen, Taiwan)","kinesiska (traditionella, Taiwan)","Chinese (Traditional, Taiwan)",,,,,,,,,
bm-ML,,VALID,,bambara (Mali),bambara (Mali),Bambara (Mali),,,,,,,,,
kw-GB,,VALID,,korni (Iso-Britannia),korniska (Storbritannien),Cornish (United Kingdom),,,,,,,,,
ug-CN,,VALID,,uiguuri (Kiina),uiguriska (Kina),Uyghur (China),,,,,,,,,
as-IN,,VALID,,assami (Intia),assamesiska (Indien),Assamese (India),,,,,,,,,
es-BR,,VALID,,espanja (Brasilia),spanska (Brasilien),Spanish (Brazil),,,,,,,,,
zh-HK,,VALID,,kiina (Hongkong – Kiinan e.h.a.),kinesiska (Hongkong),Chinese (Hong Kong SAR China),,,,,,,,,
khq-ML,,VALID,,koyra chiini (Mali),Timbuktu-songhoy (Mali),Koyra Chiini (Mali),,,,,,,,,
sw-KE,,VALID,,swahili (Kenia),swahili (Kenya),Swahili (Kenya),,,,,,,,,
en-SB,,VALID,,englanti (Salomonsaaret),engelska (Salomonöarna),English (Solomon Islands),,,,,,,,,
th-TH,,VALID,,thai (Thaimaa),thailändska (Thailand),Thai (Thailand),,,,,,,,,
rw-RW,,VALID,,ruanda (Ruanda),kinjarwanda (Rwanda),Kinyarwanda (Rwanda),,,,,,,,,
chr-US,,VALID,,cherokee (Yhdysvallat),cherokesiska (USA),Cherokee (United States),,,,,,,,,
shi-Tfng-MA,,VALID,,"tašelhit (tifinagh, Marokko)","tachelhit (tifinaghiska, Marocko)","Tachelhit (Tifinagh, Morocco)",,,,,,,,,
ar-IQ,,VALID,,arabia (Irak),arabiska (Irak),Arabic (Iraq),,,,,,,,,
nyn,,VALID,,nyankole,nyankole,Nyankole,,,,,,,,,
yue,,VALID,,kantoninkiina,kantonesiska,Cantonese,,,,,,,,,
jmc,,VALID,,machame,kimashami,Machame,,,,,,,,,
en-MW,,VALID,,englanti (Malawi),engelska (Malawi),English (Malawi),,,,,,,,,
naq-NA,,VALID,,nama (Namibia),nama (Namibia),Nama (Namibia),,,,,,,,,
mk,,VALID,,makedonia,makedonska,Macedonian,,,,,,,,,
en-IO,,VALID,,englanti (Brittiläinen Intian valtameren alue),engelska (Brittiska territoriet i Indiska oceanen),English (British Indian Ocean Territory),,,,,,,,,
ar-QA,,VALID,,arabia (Qatar),arabiska (Qatar),Arabic (Qatar),,,,,,,,,
en-DE,,VALID,,englanti (Saksa),engelska (Tyskland),English (Germany),,,,,,,,,
pa-Arab,,VALID,,pandžabi (arabialainen),punjabi (arabiska),Punjabi (Arabic),,,,,,,,,
en-CC,,VALID,,englanti (Kookossaaret (Keelingsaaret)),engelska (Kokosöarna),English (Cocos (Keeling) Islands),,,,,,,,,
bs,,VALID,,bosnia,bosniska,Bosnian,,,,,,,,,
ro-MD,,VALID,,romania (Moldova),rumänska (Moldavien),Romanian (Moldova),,,,,,,,,
en-FI,,VALID,,englanti (Suomi),engelska (Finland),English (Finland),,,,,,,,,
pt-PT,,VALID,,portugali (Portugali),portugisiska (Portugal),Portuguese (Portugal),,,,,,,,,
fy,,VALID,,länsifriisi,västfrisiska,Western Frisian,,,,,,,,,
az-Cyrl-AZ,,VALID,,"azeri (kyrillinen, Azerbaidžan)","azerbajdzjanska (kyrilliska, Azerbajdzjan)","Azerbaijani (Cyrillic, Azerbaijan)",,,,,,,,,
th,,VALID,,thai,thailändska,Thai,,,,,,,,,
dav-KE,,VALID,,taita (Kenia),taita (Kenya),Taita (Kenya),,,,,,,,,
ckb-IQ,,VALID,,sorani (Irak),soranisk kurdiska (Irak),Central Kurdish (Iraq),,,,,,,,,
shi-Latn-MA,,VALID,,"tašelhit (latinalainen, Marokko)","tachelhit (latinska, Marocko)","Tachelhit (Latin, Morocco)",,,,,,,,,
es-CU,,VALID,,espanja (Kuuba),spanska (Kuba),Spanish (Cuba),,,,,,,,,
ar,,VALID,,arabia,arabiska,Arabic,,,,,,,,,
en-SC,,VALID,,englanti (Seychellit),engelska (Seychellerna),English (Seychelles),,,,,,,,,
en-VI,,VALID,,englanti (Yhdysvaltain Neitsytsaaret),engelska (Amerikanska Jungfruöarna),English (U.S. Virgin Islands),,,,,,,,,
haw,,VALID,,havaiji,hawaiiska,Hawaiian,,,,,,,,,
eu-ES,,VALID,,baski (Espanja),baskiska (Spanien),Basque (Spain),,,,,,,,,
en-UG,,VALID,,englanti (Uganda),engelska (Uganda),English (Uganda),,,,,,,,,
en-NZ,,VALID,,englanti (Uusi-Seelanti),engelska (Nya Zeeland),English (New Zealand),,,,,,,,,
dje,,VALID,,djerma,zarma,Zarma,,,,,,,,,
es-UY,,VALID,,espanja (Uruguay),spanska (Uruguay),Spanish (Uruguay),,,,,,,,,
bas,,VALID,,basaa,basa,Basaa,,,,,,,,,
mas-KE,,VALID,,maasai (Kenia),massajiska (Kenya),Masai (Kenya),,,,,,,,,
ru-UA,,VALID,,venäjä (Ukraina),ryska (Ukraina),Russian (Ukraine),,,,,,,,,
sg-CF,,VALID,,sango (Keski-Afrikan tasavalta),sango (Centralafrikanska republiken),Sango (Central African Republic),,,,,,,,,
el-GR,,VALID,,kreikka (Kreikka),grekiska (Grekland),Greek (Greece),,,,,,,,,
yav-CM,,VALID,,yangben (Kamerun),yangben (Kamerun),Yangben (Cameroon),,,,,,,,,
uz-Latn,,VALID,,uzbekki (latinalainen),uzbekiska (latinska),Uzbek (Latin),,,,,,,,,
sg,,VALID,,sango,sango,Sango,,,,,,,,,
da-GL,,VALID,,tanska (Grönlanti),danska (Grönland),Danish (Greenland),,,,,,,,,
en-FJ,,VALID,,englanti (Fidži),engelska (Fiji),English (Fiji),,,,,,,,,
de-LI,,VALID,,saksa (Liechtenstein),tyska (Liechtenstein),German (Liechtenstein),,,,,,,,,
en-BB,,VALID,,englanti (Barbados),engelska (Barbados),English (Barbados),,,,,,,,,
km-KH,,VALID,,khmer (Kambodža),kambodjanska (Kambodja),Khmer (Cambodia),,,,,,,,,
smn-FI,,VALID,,inarinsaame (Suomi),enaresamiska (Finland),Inari Sami (Finland),,,,,,,,,
hr-BA,,VALID,,kroatia (Bosnia ja Hertsegovina),kroatiska (Bosnien och Hercegovina),Croatian (Bosnia & Herzegovina),,,,,,,,,
de-AT,,VALID,,saksa (Itävalta),tyska (Österrike),German (Austria),,,,,,,,,
ckb-IR,,VALID,,sorani (Iran),soranisk kurdiska (Iran),Central Kurdish (Iran),,,,,,,,,
nl,,VALID,,hollanti,nederländska,Dutch,,,,,,,,,
lu-CD,,VALID,,katanganluba (Kongon demokraattinen tasavalta),luba-katanga (Kongo-Kinshasa),Luba-Katanga (Congo - Kinshasa),,,,,,,,,
ca-ES-VALENCIA,,VALID,,"katalaani (Espanja, katalaanin valencian murre)","katalanska (Spanien, valensisk dialekt)","Catalan (Spain, Valencian)",,,,,,,,,
ar-001,,VALID,,arabia (maailma),arabiska (världen),Arabic (World),,,,,,,,,
so-SO,,VALID,,somali (Somalia),somaliska (Somalia),Somali (Somalia),,,,,,,,,
lv-LV,,VALID,,latvia (Latvia),lettiska (Lettland),Latvian (Latvia),,,,,,,,,
ckb,,VALID,,sorani,soranisk kurdiska,Central Kurdish,,,,,,,,,
es-CR,,VALID,,espanja (Costa Rica),spanska (Costa Rica),Spanish (Costa Rica),,,,,,,,,
fr-GA,,VALID,,ranska (Gabon),franska (Gabon),French (Gabon),,,,,,,,,
ar-KW,,VALID,,arabia (Kuwait),arabiska (Kuwait),Arabic (Kuwait),,,,,,,,,
sr,,VALID,,serbia,serbiska,Serbian,,,,,,,,,
ar-LY,,VALID,,arabia (Libya),arabiska (Libyen),Arabic (Libya),,,,,,,,,
sr-Cyrl-RS,,VALID,,"serbia (kyrillinen, Serbia)","serbiska (kyrilliska, Serbien)","Serbian (Cyrillic, Serbia)",,,,,,,,,
bem,,VALID,,bemba,bemba,Bemba,,,,,,,,,
en-MU,,VALID,,englanti (Mauritius),engelska (Mauritius),English (Mauritius),,,,,,,,,
da,,VALID,,tanska,danska,Danish,,,,,,,,,
wae,,VALID,,walser,walsertyska,Walser,,,,,,,,,
gl-ES,,VALID,,galicia (Espanja),galiciska (Spanien),Galician (Spain),,,,,,,,,
en-IM,,VALID,,englanti (Mansaari),engelska (Isle of Man),English (Isle of Man),,,,,,,,,
az-Latn-AZ,,VALID,,"azeri (latinalainen, Azerbaidžan)","azerbajdzjanska (latinska, Azerbajdzjan)","Azerbaijani (Latin, Azerbaijan)",,,,,,,,,
en-LS,,VALID,,englanti (Lesotho),engelska (Lesotho),English (Lesotho),,,,,,,,,
ig,,VALID,,igbo,igbo,Igbo,,,,,,,,,
en-HK,,VALID,,englanti (Hongkong – Kiinan e.h.a.),engelska (Hongkong),English (Hong Kong SAR China),,,,,,,,,
en-GI,,VALID,,englanti (Gibraltar),engelska (Gibraltar),English (Gibraltar),,,,,,,,,
ce-RU,,VALID,,tšetšeeni (Venäjä),tjetjenska (Ryssland),Chechen (Russia),,,,,,,,,
en-CA,,VALID,,englanti (Kanada),engelska (Kanada),English (Canada),,,,,,,,,
gd,,VALID,,gaeli,skotsk gäliska,Scottish Gaelic,,,,,,,,,
ka-GE,,VALID,,georgia (Georgia),georgiska (Georgien),Georgian (Georgia),,,,,,,,,
fr-SY,,VALID,,ranska (Syyria),franska (Syrien),French (Syria),,,,,,,,,
sw-TZ,,VALID,,swahili (Tansania),swahili (Tanzania),Swahili (Tanzania),,,,,,,,,
fr-RW,,VALID,,ranska (Ruanda),franska (Rwanda),French (Rwanda),,,,,,,,,
so-ET,,VALID,,somali (Etiopia),somaliska (Etiopien),Somali (Ethiopia),,,,,,,,,
nl-BE,,VALID,,hollanti (Belgia),nederländska (Belgien),Dutch (Belgium),,,,,,,,,
ar-DJ,,VALID,,arabia (Djibouti),arabiska (Djibouti),Arabic (Djibouti),,,,,,,,,
mg-MG,,VALID,,malagassi (Madagaskar),malagassiska (Madagaskar),Malagasy (Madagascar),,,,,,,,,
cy-GB,,VALID,,kymri (Iso-Britannia),walesiska (Storbritannien),Welsh (United Kingdom),,,,,,,,,
en-VG,,VALID,,englanti (Brittiläiset Neitsytsaaret),engelska (Brittiska Jungfruöarna),English (British Virgin Islands),,,,,,,,,
cu,,VALID,,kirkkoslaavi,kyrkslaviska,Church Slavic,,,,,,,,,
os-RU,,VALID,,osseetti (Venäjä),ossetiska (Ryssland),Ossetic (Russia),,,,,,,,,
sr-Latn-RS,,VALID,,"serbia (latinalainen, Serbia)","serbiska (latinska, Serbien)","Serbian (Latin, Serbia)",,,,,,,,,
en-TC,,VALID,,englanti (Turks- ja Caicossaaret),engelska (Turks- och Caicosöarna),English (Turks & Caicos Islands),,,,,,,,,
ky-KG,,VALID,,kirgiisi (Kirgisia),kirgisiska (Kirgizistan),Kyrgyz (Kyrgyzstan),,,,,,,,,
sv-AX,,VALID,,ruotsi (Ahvenanmaa),svenska (Åland),Swedish (Åland Islands),,,,,,,,,
af-NA,,VALID,,afrikaans (Namibia),afrikaans (Namibia),Afrikaans (Namibia),,,,,,,,,
vun,,VALID,,vunjo,vunjo,Vunjo,,,,,,,,,
en-IN,,VALID,,englanti (Intia),engelska (Indien),English (India),,,,,,,,,
lu,,VALID,,katanganluba,luba-katanga,Luba-Katanga,,,,,,,,,
ki,,VALID,,kikuju,kikuyu,Kikuyu,,,,,,,,,
yo,,VALID,,joruba,yoruba,Yoruba,,,,,,,,,
es-NI,,VALID,,espanja (Nicaragua),spanska (Nicaragua),Spanish (Nicaragua),,,,,,,,,
nb,,VALID,,norjan bokmål,norskt bokmål,Norwegian Bokmål,,,,,,,,,
ff-MR,,VALID,,fulani (Mauritania),fulani (Mauretanien),Fulah (Mauritania),,,,,,,,,
sd-PK,,VALID,,sindhi (Pakistan),sindhi (Pakistan),Sindhi (Pakistan),,,,,,,,,
mas-TZ,,VALID,,maasai (Tansania),massajiska (Tanzania),Masai (Tanzania),,,,,,,,,
ti,,VALID,,tigrinja,tigrinja,Tigrinya,,,,,,,,,
kok,,VALID,,konkani,konkani,Konkani,,,,,,,,,
ewo,,VALID,,ewondo,ewondo,Ewondo,,,,,,,,,
ms-BN,,VALID,,malaiji (Brunei),malajiska (Brunei),Malay (Brunei),,,,,,,,,
ccp-IN,,VALID,,ccp (Intia),ccp (Indien),Chakma (India),,,,,,,,,
br-FR,,VALID,,bretoni (Ranska),bretonska (Frankrike),Breton (France),,,,,,,,,
aa,,VALID,,afar,afar,Afar,,,,,,,,,
ab,,VALID,,abhaasi,abchaziska,Abkhazian,,,,,,,,,
ae,,VALID,,avesta,avestiska,Avestan,,,,,,,,,
an,,VALID,,aragonia,aragonesiska,Aragonese,,,,,,,,,
av,,VALID,,avaari,avariska,Avaric,,,,,,,,,
ay,,VALID,,aimara,aymara,Aymara,,,,,,,,,
ba,,VALID,,baškiiri,basjkiriska,Bashkir,,,,,,,,,
bh,,VALID,,Bihari,bihari,Bihari,,,,,,,,,
bi,,VALID,,bislama,bislama,Bislama,,,,,,,,,
ch,,VALID,,tšamorro,chamorro,Chamorro,,,,,,,,,
co,,VALID,,korsika,korsikanska,Corsican,,,,,,,,,
cr,,VALID,,cree,cree,Cree,,,,,,,,,
cv,,VALID,,tšuvassi,tjuvasjiska,Chuvash,,,,,,,,,
dv,,VALID,,divehi,divehi,Divehi,,,,,,,,,
fj,,VALID,,fidži,fijianska,Fijian,,,,,,,,,
gn,,VALID,,guarani,guaraní,Guarani,,,,,,,,,
ho,,VALID,,hiri-motu,hirimotu,Hiri Motu,,,,,,,,,
ht,,VALID,,haiti,haitiska,Haitian Creole,,,,,,,,,
hz,,VALID,,herero,herero,Herero,,,,,,,,,
ia,,VALID,,interlingua,interlingua,Interlingua,,,,,,,,,
ie,,VALID,,interlingue,interlingue,Interlingue,,,,,,,,,
ik,,VALID,,inupiaq,inupiak,Inupiaq,,,,,,,,,
io,,VALID,,ido,ido,Ido,,,,,,,,,
iu,,VALID,,inuktitut,inuktitut,Inuktitut,,,,,,,,,
jv,,VALID,,jaava,javanesiska,Javanese,,,,,,,,,
kg,,VALID,,kongo,kikongo,Kongo,,,,,,,,,
kj,,VALID,,kuanjama,kuanyama,Kuanyama,,,,,,,,,
kr,,VALID,,kanuri,kanuri,Kanuri,,,,,,,,,
ku,,VALID,,kurdi,kurdiska,Kurdish,,,,,,,,,
kv,,VALID,,komi,kome,Komi,,,,,,,,,
la,,VALID,,latina,latin,Latin,,,,,,,,,
li,,VALID,,limburg,limburgiska,Limburgish,,,,,,,,,
mh,,VALID,,marshall,marshalliska,Marshallese,,,,,,,,,
mi,,VALID,,maori,maori,Maori,,,,,,,,,
mo,,VALID,,Moldavian,moldaviska,Moldavian,,,,,,,,,
na,,VALID,,nauru,nauriska,Nauru,,,,,,,,,
ng,,VALID,,ndonga,ndonga,Ndonga,,,,,,,,,
nr,,VALID,,etelä-ndebele,sydndebele,South Ndebele,,,,,,,,,
nv,,VALID,,navajo,navaho,Navajo,,,,,,,,,
ny,,VALID,,njandža,nyanja,Nyanja,,,,,,,,,
oc,,VALID,,oksitaani,occitanska,Occitan,,,,,,,,,
oj,,VALID,,odžibwa,odjibwa,Ojibwa,,,,,,,,,
pi,,VALID,,paali,pali,Pali,,,,,,,,,
sa,,VALID,,sanskrit,sanskrit,Sanskrit,,,,,,,,,
sc,,VALID,,sardi,sardinska,Sardinian,,,,,,,,,
sm,,VALID,,samoa,samoanska,Samoan,,,,,,,,,
ss,,VALID,,swazi,swati,Swati,,,,,,,,,
st,,VALID,,eteläsotho,sydsotho,Southern Sotho,,,,,,,,,
su,,VALID,,sunda,sundanesiska,Sundanese,,,,,,,,,
tl,,VALID,,tagalog,tagalog,Tagalog,,,,,,,,,
tn,,VALID,,tswana,tswana,Tswana,,,,,,,,,
ts,,VALID,,tsonga,tsonga,Tsonga,,,,,,,,,
tw,,VALID,,twi,twi,Twi,,,,,,,,,
ty,,VALID,,tahiti,tahitiska,Tahitian,,,,,,,,,
ve,,VALID,,venda,venda,Venda,,,,,,,,,
wa,,VALID,,valloni,vallonska,Walloon,,,,,,,,,
xh,,VALID,,xhosa,xhosa,Xhosa,,,,,,,,,
za,,VALID,,zhuang,zhuang,Zhuang,,,,,,,,,
